Date_Time,Source_IP,Access,Box,User,By_Way,City,Country,Lat,Lon
2021-07-19 08:52:02 PDT-0700,172.58.45.34,Sucessful,NewYork,takeya,Password,Portland,US,45.5153,-122.5523
2021-07-20 11:18:06 PDT-0700,71.197.171.218,Sucessful,NewYork,takeya,Public_Key,Tacoma,US,47.1112,-122.5897
2021-07-20 11:20:29 PDT-0700,71.197.171.218,Sucessful,NewYork,takeya,Public_Key,Tacoma,US,47.1112,-122.5897
2021-07-20 11:29:06 PDT-0700,71.197.171.218,Sucessful,NewYork,root,Password,Tacoma,US,47.1112,-122.5897
2021-07-20 11:31:20 PDT-0700,71.197.171.218,Sucessful,NewYork,root,Password,Tacoma,US,47.1112,-122.5897
2021-07-20 11:31:37 PDT-0700,71.197.171.218,Sucessful,NewYork,root,Password,Tacoma,US,47.1112,-122.5897
2021-07-20 11:32:33 PDT-0700,71.197.171.218,Sucessful,NewYork,takeya,Public_Key,Tacoma,US,47.1112,-122.5897
2021-07-20 11:34:53 PDT-0700,71.197.171.218,Sucessful,NewYork,takeya,Public_Key,Tacoma,US,47.1112,-122.5897
2021-07-20 11:35:42 PDT-0700,71.197.171.218,Sucessful,NewYork,takeya,Public_Key,Tacoma,US,47.1112,-122.5897
2021-07-20 11:36:02 PDT-0700,71.197.171.218,Sucessful,NewYork,root,Password,Tacoma,US,47.1112,-122.5897
2021-07-20 11:45:18 PDT-0700,71.197.171.218,Sucessful,NewYork,takeya,Public_Key,Tacoma,US,47.1112,-122.5897
2021-07-20 11:50:48 PDT-0700,71.197.171.218,Sucessful,NewYork,takeya,Password,Tacoma,US,47.1112,-122.5897
2021-07-20 12:01:09 PDT-0700,71.197.171.218,Sucessful,NewYork,takeya,Public_Key,Tacoma,US,47.1112,-122.5897
2021-07-21 12:35:15 PDT-0700,71.197.171.218,Sucessful,NewYork,takeya,Public_Key,Tacoma,US,47.1112,-122.5897
2021-07-21 12:38:46 PDT-0700,71.197.171.218,Sucessful,NewYork,takeya,Password,Tacoma,US,47.1112,-122.5897
2021-07-21 12:39:20 PDT-0700,71.197.171.218,Sucessful,NewYork,takeya,Password,Tacoma,US,47.1112,-122.5897
2021-07-21 12:39:47 PDT-0700,71.197.171.218,Sucessful,NewYork,takeya,Public_Key,Tacoma,US,47.1112,-122.5897
2021-07-21 12:40:06 PDT-0700,71.197.171.218,Sucessful,NewYork,root,Password,Tacoma,US,47.1112,-122.5897
2021-07-21 12:46:39 PDT-0700,71.197.171.218,Sucessful,NewYork,takeya,Public_Key,Tacoma,US,47.1112,-122.5897
2021-07-21 14:07:17 PDT-0700,172.58.45.178,Sucessful,NewYork,takeya,Password,Portland,US,45.5153,-122.5523
2021-07-21 19:26:42 PDT-0700,71.197.171.218,Sucessful,NewYork,takeya,Public_Key,Tacoma,US,47.1112,-122.5897
2021-07-21 19:28:26 PDT-0700,71.197.171.218,Sucessful,NewYork,root,Password,Tacoma,US,47.1112,-122.5897
2021-07-21 19:29:38 PDT-0700,71.197.171.218,Sucessful,NewYork,root,Password,Tacoma,US,47.1112,-122.5897
2021-07-21 19:34:50 PDT-0700,71.197.171.218,Sucessful,NewYork,root,Password,Tacoma,US,47.1112,-122.5897
2021-07-21 19:35:17 PDT-0700,71.197.171.218,Sucessful,NewYork,root,Password,Tacoma,US,47.1112,-122.5897
2021-07-21 19:40:03 PDT-0700,71.197.171.218,Sucessful,NewYork,takeya,Public_Key,Tacoma,US,47.1112,-122.5897
2021-07-21 19:42:07 PDT-0700,71.197.171.218,Sucessful,NewYork,root,Password,Tacoma,US,47.1112,-122.5897
2021-07-21 19:48:41 PDT-0700,71.197.171.218,Sucessful,NewYork,root,Password,Tacoma,US,47.1112,-122.5897
2021-07-21 19:49:14 PDT-0700,71.197.171.218,Sucessful,NewYork,root,Password,Tacoma,US,47.1112,-122.5897
2021-07-21 19:58:44 PDT-0700,71.197.171.218,Sucessful,NewYork,root,Password,Tacoma,US,47.1112,-122.5897
2021-07-21 20:01:23 PDT-0700,71.197.171.218,Sucessful,NewYork,root,Password,Tacoma,US,47.1112,-122.5897
2021-07-21 20:04:59 PDT-0700,71.197.171.218,Sucessful,NewYork,root,Password,Tacoma,US,47.1112,-122.5897
2021-07-21 20:12:17 PDT-0700,71.197.171.218,Sucessful,NewYork,root,Password,Tacoma,US,47.1112,-122.5897
2021-07-21 20:17:20 PDT-0700,71.197.171.218,Sucessful,NewYork,root,Password,Tacoma,US,47.1112,-122.5897
2021-07-21 20:21:20 PDT-0700,71.197.171.218,Sucessful,NewYork,root,Password,Tacoma,US,47.1112,-122.5897
2021-07-21 20:25:03 PDT-0700,71.197.171.218,Sucessful,NewYork,root,Password,Tacoma,US,47.1112,-122.5897
2021-07-21 20:48:45 PDT-0700,71.197.171.218,Sucessful,NewYork,root,Password,Tacoma,US,47.1112,-122.5897
2021-07-21 21:13:37 PDT-0700,71.197.171.218,Sucessful,NewYork,takeya,Password,Tacoma,US,47.1112,-122.5897
2021-07-22 06:55:48 PDT-0700,71.197.171.218,Sucessful,NewYork,root,Password,Tacoma,US,47.1112,-122.5897
2021-07-22 11:38:50 PDT-0700,71.197.171.218,Sucessful,NewYork,root,Password,Tacoma,US,47.1112,-122.5897
2021-07-22 11:41:38 PDT-0700,71.197.171.218,Sucessful,NewYork,root,Password,Tacoma,US,47.1112,-122.5897
2021-07-22 11:45:40 PDT-0700,71.197.171.218,Sucessful,NewYork,root,Password,Tacoma,US,47.1112,-122.5897
2021-07-22 11:46:02 PDT-0700,71.197.171.218,Sucessful,NewYork,root,Password,Tacoma,US,47.1112,-122.5897
2021-07-22 11:53:12 PDT-0700,71.197.171.218,Sucessful,NewYork,root,Password,Tacoma,US,47.1112,-122.5897
2021-07-22 11:53:19 PDT-0700,71.197.171.218,Sucessful,NewYork,root,Password,Tacoma,US,47.1112,-122.5897
2021-07-22 11:54:34 PDT-0700,71.197.171.218,Sucessful,NewYork,root,Password,Tacoma,US,47.1112,-122.5897
2021-07-22 11:57:31 PDT-0700,71.197.171.218,Sucessful,NewYork,root,Password,Tacoma,US,47.1112,-122.5897
2021-07-22 11:59:46 PDT-0700,71.197.171.218,Sucessful,NewYork,root,Password,Tacoma,US,47.1112,-122.5897
2021-07-22 12:01:31 PDT-0700,71.197.171.218,Sucessful,NewYork,root,Password,Tacoma,US,47.1112,-122.5897
2021-07-23 20:23:15 PDT-0700,131.191.82.193,Sucessful,NewYork,root,Password,Tacoma,US,47.2476,-122.4643
2021-07-23 20:28:07 PDT-0700,131.191.82.193,Sucessful,NewYork,takeya,Public_Key,Tacoma,US,47.2476,-122.4643
2021-07-23 20:42:53 PDT-0700,131.191.82.193,Sucessful,NewYork,root,Password,Tacoma,US,47.2476,-122.4643
2021-07-23 20:45:24 PDT-0700,131.191.82.193,Sucessful,NewYork,root,Password,Tacoma,US,47.2476,-122.4643
2021-07-23 21:58:09 PDT-0700,131.191.82.193,Sucessful,NewYork,root,Password,Tacoma,US,47.2476,-122.4643
2021-07-23 21:59:04 PDT-0700,131.191.82.193,Sucessful,NewYork,root,Password,Tacoma,US,47.2476,-122.4643
2021-07-23 22:53:47 PDT-0700,131.191.82.193,Sucessful,NewYork,root,Password,Tacoma,US,47.2476,-122.4643
2021-07-23 22:54:28 PDT-0700,131.191.82.193,Sucessful,NewYork,root,Password,Tacoma,US,47.2476,-122.4643
2021-07-23 23:05:07 PDT-0700,131.191.82.193,Sucessful,NewYork,root,Password,Tacoma,US,47.2476,-122.4643
2021-07-23 23:29:10 PDT-0700,131.191.82.193,Sucessful,NewYork,root,Password,Tacoma,US,47.2476,-122.4643
2021-07-23 23:34:28 PDT-0700,131.191.82.193,Sucessful,NewYork,root,Password,Tacoma,US,47.2476,-122.4643
2021-07-23 23:35:10 PDT-0700,131.191.82.193,Sucessful,NewYork,root,Password,Tacoma,US,47.2476,-122.4643
2021-07-23 23:36:24 PDT-0700,131.191.82.193,Sucessful,NewYork,root,Password,Tacoma,US,47.2476,-122.4643
2021-07-23 23:36:25 PDT-0700,131.191.82.193,Sucessful,NewYork,root,Password,Tacoma,US,47.2476,-122.4643
2021-07-23 23:37:31 PDT-0700,131.191.82.193,Sucessful,NewYork,root,Password,Tacoma,US,47.2476,-122.4643
2021-07-23 23:37:33 PDT-0700,131.191.82.193,Sucessful,NewYork,root,Password,Tacoma,US,47.2476,-122.4643
2021-07-23 23:38:28 PDT-0700,131.191.82.193,Sucessful,NewYork,root,Password,Tacoma,US,47.2476,-122.4643
2021-07-23 23:41:58 PDT-0700,131.191.82.193,Sucessful,NewYork,root,Password,Tacoma,US,47.2476,-122.4643
2021-07-23 23:45:55 PDT-0700,131.191.82.193,Sucessful,NewYork,root,Password,Tacoma,US,47.2476,-122.4643
2021-07-23 23:48:07 PDT-0700,131.191.82.193,Sucessful,NewYork,root,Password,Tacoma,US,47.2476,-122.4643
2021-07-23 23:48:09 PDT-0700,131.191.82.193,Sucessful,NewYork,root,Password,Tacoma,US,47.2476,-122.4643
2021-07-23 23:50:21 PDT-0700,131.191.82.193,Sucessful,NewYork,root,Password,Tacoma,US,47.2476,-122.4643
2021-07-23 23:50:31 PDT-0700,131.191.82.193,Sucessful,NewYork,root,Password,Tacoma,US,47.2476,-122.4643
2021-07-23 23:53:07 PDT-0700,131.191.82.193,Sucessful,NewYork,root,Password,Tacoma,US,47.2476,-122.4643
2021-07-24 16:58:02 PDT-0700,131.191.82.193,Sucessful,NewYork,root,Password,Tacoma,US,47.2476,-122.4643
2021-07-24 18:54:38 PDT-0700,131.191.82.193,Sucessful,Sushi,root,Password,Tacoma,US,47.2476,-122.4643
2021-07-24 21:24:50 PDT-0700,131.191.82.193,Sucessful,Sushi,root,Password,Tacoma,US,47.2476,-122.4643
2021-07-24 21:25:17 PDT-0700,131.191.82.193,Sucessful,Sushi,root,Password,Tacoma,US,47.2476,-122.4643
2021-07-24 21:45:17 PDT-0700,131.191.82.193,Sucessful,Sushi,humas,Password,Tacoma,US,47.2476,-122.4643
2021-07-24 21:46:57 PDT-0700,131.191.82.193,Sucessful,Sushi,root,Password,Tacoma,US,47.2476,-122.4643
2021-07-24 21:47:14 PDT-0700,131.191.82.193,Sucessful,Sushi,root,Password,Tacoma,US,47.2476,-122.4643
2021-07-24 21:48:15 PDT-0700,131.191.82.193,Sucessful,Sushi,root,Password,Tacoma,US,47.2476,-122.4643
2021-07-24 21:53:07 PDT-0700,131.191.82.193,Sucessful,Sushi,root,Password,Tacoma,US,47.2476,-122.4643
2021-07-24 21:54:31 PDT-0700,131.191.82.193,Sucessful,Sushi,root,Password,Tacoma,US,47.2476,-122.4643
2021-07-24 21:55:54 PDT-0700,131.191.82.193,Sucessful,Sushi,root,Password,Tacoma,US,47.2476,-122.4643
2021-07-24 21:56:18 PDT-0700,131.191.82.193,Sucessful,Sushi,root,Password,Tacoma,US,47.2476,-122.4643
2021-07-24 21:57:01 PDT-0700,131.191.82.193,Sucessful,Sushi,root,Password,Tacoma,US,47.2476,-122.4643
2021-07-24 21:57:42 PDT-0700,131.191.82.193,Sucessful,Sushi,root,Password,Tacoma,US,47.2476,-122.4643
2021-07-24 21:57:59 PDT-0700,131.191.82.193,Sucessful,Sushi,root,Password,Tacoma,US,47.2476,-122.4643
2021-07-24 21:58:45 PDT-0700,131.191.82.193,Sucessful,Sushi,root,Password,Tacoma,US,47.2476,-122.4643
2021-07-24 22:00:48 PDT-0700,131.191.82.193,Sucessful,Sushi,root,Password,Tacoma,US,47.2476,-122.4643
2021-07-24 22:02:04 PDT-0700,131.191.82.193,Sucessful,Sushi,root,Password,Tacoma,US,47.2476,-122.4643
2021-07-24 22:04:59 PDT-0700,131.191.82.193,Sucessful,Sushi,root,Password,Tacoma,US,47.2476,-122.4643
2021-07-24 22:05:37 PDT-0700,131.191.82.193,Sucessful,Sushi,root,Password,Tacoma,US,47.2476,-122.4643
2021-07-24 22:09:36 PDT-0700,131.191.82.193,Sucessful,Sushi,root,Password,Tacoma,US,47.2476,-122.4643
2021-07-24 22:10:11 PDT-0700,131.191.82.193,Sucessful,Sushi,root,Password,Tacoma,US,47.2476,-122.4643
2021-07-24 22:10:57 PDT-0700,131.191.82.193,Sucessful,Sushi,root,Password,Tacoma,US,47.2476,-122.4643
2021-07-24 22:13:40 PDT-0700,131.191.82.193,Sucessful,Sushi,root,Password,Tacoma,US,47.2476,-122.4643
2021-07-24 22:13:43 PDT-0700,131.191.82.193,Sucessful,Sushi,root,Password,Tacoma,US,47.2476,-122.4643
2021-07-24 22:20:14 PDT-0700,131.191.82.193,Sucessful,Sushi,root,Password,Tacoma,US,47.2476,-122.4643
2021-07-24 22:26:03 PDT-0700,131.191.82.193,Sucessful,Sushi,root,Password,Tacoma,US,47.2476,-122.4643
2021-07-24 22:28:04 PDT-0700,131.191.82.193,Sucessful,Sushi,root,Password,Tacoma,US,47.2476,-122.4643
2021-07-24 22:28:06 PDT-0700,131.191.82.193,Sucessful,Sushi,root,Password,Tacoma,US,47.2476,-122.4643
2021-07-24 22:33:00 PDT-0700,131.191.82.193,Sucessful,Sushi,root,Password,Tacoma,US,47.2476,-122.4643
2021-07-24 22:38:16 PDT-0700,131.191.82.193,Sucessful,Sushi,root,Password,Tacoma,US,47.2476,-122.4643
2021-07-24 22:49:38 PDT-0700,131.191.82.193,Sucessful,Sushi,root,Password,Tacoma,US,47.2476,-122.4643
2021-07-24 22:49:51 PDT-0700,131.191.82.193,Sucessful,Sushi,root,Password,Tacoma,US,47.2476,-122.4643
2021-07-24 22:55:26 PDT-0700,131.191.82.193,Sucessful,Sushi,root,Password,Tacoma,US,47.2476,-122.4643
2021-07-24 22:58:54 PDT-0700,131.191.82.193,Sucessful,Sushi,root,Password,Tacoma,US,47.2476,-122.4643
2021-07-26 09:13:55 PDT-0700,172.58.44.252,Sucessful,Sushi,root,Password,Portland,US,45.5153,-122.5523
2021-07-26 09:13:56 PDT-0700,172.58.44.252,Sucessful,Sushi,root,Password,Portland,US,45.5153,-122.5523
2021-07-26 09:15:06 PDT-0700,172.58.44.252,Sucessful,Sushi,root,Password,Portland,US,45.5153,-122.5523
2021-07-26 09:15:07 PDT-0700,172.58.44.252,Sucessful,Sushi,root,Password,Portland,US,45.5153,-122.5523
2021-07-26 09:15:54 PDT-0700,172.58.44.252,Sucessful,Sushi,root,Password,Portland,US,45.5153,-122.5523
2021-07-26 09:16:54 PDT-0700,172.58.44.252,Sucessful,Sushi,root,Password,Portland,US,45.5153,-122.5523
2021-07-26 09:16:59 PDT-0700,172.58.44.252,Sucessful,Sushi,root,Password,Portland,US,45.5153,-122.5523
2021-07-28 14:58:15 PDT-0700,172.58.44.246,Sucessful,Sushi,root,Password,Portland,US,45.5153,-122.5523
2021-07-29 12:03:49 PDT-0700,73.109.61.99,Sucessful,Sushi,root,Password,Seattle,US,47.3957,-122.3036
2021-07-29 12:05:29 PDT-0700,73.109.61.99,Sucessful,Sushi,root,Password,Seattle,US,47.3957,-122.3036
2021-07-29 12:18:09 PDT-0700,73.109.61.99,Sucessful,Sushi,root,Password,Seattle,US,47.3957,-122.3036
2021-07-29 12:42:30 PDT-0700,73.109.61.99,Sucessful,Sushi,root,Password,Seattle,US,47.3957,-122.3036
2021-07-29 12:46:06 PDT-0700,73.109.61.99,Sucessful,Sushi,root,Password,Seattle,US,47.3957,-122.3036
2021-07-29 12:47:26 PDT-0700,73.109.61.99,Sucessful,Sushi,root,Password,Seattle,US,47.3957,-122.3036
2021-07-29 14:54:44 PDT-0700,73.109.61.99,Sucessful,Sushi,root,Password,Seattle,US,47.3957,-122.3036
2021-07-29 15:32:56 PDT-0700,73.109.61.99,Sucessful,Sushi,root,Password,Seattle,US,47.3957,-122.3036
2021-07-29 15:45:19 PDT-0700,73.109.61.99,Sucessful,Sushi,root,Password,Seattle,US,47.3957,-122.3036
2021-07-29 16:03:03 PDT-0700,73.109.61.99,Sucessful,Sushi,root,Password,Seattle,US,47.3957,-122.3036
2021-07-29 16:04:19 PDT-0700,73.109.61.99,Sucessful,Sushi,root,Password,Seattle,US,47.3957,-122.3036
2021-07-29 16:07:23 PDT-0700,73.109.61.99,Sucessful,Sushi,root,Password,Seattle,US,47.3957,-122.3036
2021-07-29 16:10:51 PDT-0700,73.109.61.99,Sucessful,Sushi,root,Password,Seattle,US,47.3957,-122.3036
2021-07-29 16:13:05 PDT-0700,73.109.61.99,Sucessful,Sushi,root,Password,Seattle,US,47.3957,-122.3036
2021-07-29 16:17:08 PDT-0700,73.109.61.99,Sucessful,Sushi,root,Password,Seattle,US,47.3957,-122.3036
2021-07-29 16:43:26 PDT-0700,73.109.61.99,Sucessful,Sushi,root,Password,Seattle,US,47.3957,-122.3036
2021-07-29 16:50:53 PDT-0700,73.109.61.99,Sucessful,Sushi,root,Password,Seattle,US,47.3957,-122.3036
2021-07-29 17:07:12 PDT-0700,73.109.61.99,Sucessful,Sushi,root,Password,Seattle,US,47.3957,-122.3036
2021-07-29 17:38:28 PDT-0700,73.109.61.99,Sucessful,Sushi,root,Password,Seattle,US,47.3957,-122.3036
2021-07-29 17:54:15 PDT-0700,73.109.61.99,Sucessful,Sushi,root,Password,Seattle,US,47.3957,-122.3036
2021-07-29 23:02:01 PDT-0700,73.109.63.27,Sucessful,Sushi,root,Password,Seattle,US,47.3957,-122.3036
2021-07-29 23:03:06 PDT-0700,73.109.63.27,Sucessful,Sushi,root,Password,Seattle,US,47.3957,-122.3036
2021-07-29 23:05:42 PDT-0700,73.109.63.27,Sucessful,Sushi,root,Password,Seattle,US,47.3957,-122.3036
2021-07-29 23:07:17 PDT-0700,73.109.63.27,Sucessful,Sushi,root,Password,Seattle,US,47.3957,-122.3036
2021-07-29 23:08:23 PDT-0700,73.109.63.27,Sucessful,Sushi,root,Password,Seattle,US,47.3957,-122.3036
2021-07-29 23:12:58 PDT-0700,73.109.63.27,Sucessful,Sushi,root,Password,Seattle,US,47.3957,-122.3036
2021-07-29 23:14:59 PDT-0700,73.109.63.27,Sucessful,Sushi,root,Password,Seattle,US,47.3957,-122.3036
2021-07-29 23:15:55 PDT-0700,73.109.63.27,Sucessful,Sushi,root,Password,Seattle,US,47.3957,-122.3036
2021-07-29 23:19:55 PDT-0700,73.109.63.27,Sucessful,Sushi,root,Password,Seattle,US,47.3957,-122.3036
2021-07-29 23:21:40 PDT-0700,73.109.63.27,Sucessful,Sushi,root,Password,Seattle,US,47.3957,-122.3036
2021-07-29 23:22:49 PDT-0700,73.109.63.27,Sucessful,Sushi,root,Password,Seattle,US,47.3957,-122.3036
2021-07-29 23:23:30 PDT-0700,73.109.63.27,Sucessful,Sushi,root,Password,Seattle,US,47.3957,-122.3036
2021-07-29 23:24:43 PDT-0700,73.109.63.27,Sucessful,Sushi,root,Password,Seattle,US,47.3957,-122.3036
2021-07-29 23:25:44 PDT-0700,73.109.63.27,Sucessful,Sushi,root,Password,Seattle,US,47.3957,-122.3036
2021-07-29 23:31:18 PDT-0700,73.109.63.27,Sucessful,Sushi,root,Password,Seattle,US,47.3957,-122.3036
2021-07-29 23:32:48 PDT-0700,73.109.63.27,Sucessful,Sushi,root,Password,Seattle,US,47.3957,-122.3036
2021-07-29 23:34:30 PDT-0700,73.109.63.27,Sucessful,Sushi,root,Password,Seattle,US,47.3957,-122.3036
2021-07-29 23:34:57 PDT-0700,73.109.63.27,Sucessful,Sushi,root,Password,Seattle,US,47.3957,-122.3036
2021-07-29 23:36:22 PDT-0700,73.109.63.27,Sucessful,Sushi,root,Password,Seattle,US,47.3957,-122.3036
2021-07-29 23:43:40 PDT-0700,73.109.63.27,Sucessful,Sushi,root,Password,Seattle,US,47.3957,-122.3036
2021-07-21 11:34:19 PDT-0700,71.197.171.218,Sucessful,Sushi,root,Password,Tacoma,US,47.1112,-122.5897
2021-07-21 11:38:40 PDT-0700,71.197.171.218,Sucessful,Sushi,humas,Password,Tacoma,US,47.1112,-122.5897
2021-07-21 11:47:01 PDT-0700,71.197.171.218,Sucessful,Sushi,humas,Password,Tacoma,US,47.1112,-122.5897
2021-07-21 11:51:12 PDT-0700,71.197.171.218,Sucessful,Sushi,humas,Password,Tacoma,US,47.1112,-122.5897
2021-07-21 11:54:35 PDT-0700,71.197.171.218,Sucessful,Sushi,humas,Password,Tacoma,US,47.1112,-122.5897
2021-07-21 12:28:18 PDT-0700,71.197.171.218,Sucessful,Sushi,humas,Password,Tacoma,US,47.1112,-122.5897
2021-07-21 18:58:40 PDT-0700,71.197.171.218,Sucessful,Sushi,root,Password,Tacoma,US,47.1112,-122.5897
2021-07-21 19:03:51 PDT-0700,71.197.171.218,Sucessful,Sushi,humas,Password,Tacoma,US,47.1112,-122.5897
2021-07-21 19:10:11 PDT-0700,71.197.171.218,Sucessful,Sushi,root,Password,Tacoma,US,47.1112,-122.5897
2021-07-21 19:13:19 PDT-0700,104.238.172.198,Sucessful,Sushi,test_sush,Password,London,GB,51.5095,-0.0955
2021-07-21 19:35:21 PDT-0700,71.197.171.218,Sucessful,Sushi,root,Password,Tacoma,US,47.1112,-122.5897
2021-07-21 19:42:10 PDT-0700,71.197.171.218,Sucessful,Sushi,root,Password,Tacoma,US,47.1112,-122.5897
2021-07-21 19:48:44 PDT-0700,71.197.171.218,Sucessful,Sushi,root,Password,Tacoma,US,47.1112,-122.5897
2021-07-21 19:49:17 PDT-0700,71.197.171.218,Sucessful,Sushi,root,Password,Tacoma,US,47.1112,-122.5897
2021-07-21 19:58:47 PDT-0700,71.197.171.218,Sucessful,Sushi,root,Password,Tacoma,US,47.1112,-122.5897
2021-07-21 20:01:26 PDT-0700,71.197.171.218,Sucessful,Sushi,root,Password,Tacoma,US,47.1112,-122.5897
2021-07-21 20:12:20 PDT-0700,71.197.171.218,Sucessful,Sushi,root,Password,Tacoma,US,47.1112,-122.5897
2021-07-21 20:17:23 PDT-0700,71.197.171.218,Sucessful,Sushi,root,Password,Tacoma,US,47.1112,-122.5897
2021-07-21 20:21:23 PDT-0700,71.197.171.218,Sucessful,Sushi,root,Password,Tacoma,US,47.1112,-122.5897
2021-07-21 20:25:06 PDT-0700,71.197.171.218,Sucessful,Sushi,root,Password,Tacoma,US,47.1112,-122.5897
2021-07-21 20:48:49 PDT-0700,71.197.171.218,Sucessful,Sushi,root,Password,Tacoma,US,47.1112,-122.5897
2021-07-21 21:15:09 PDT-0700,71.197.171.218,Sucessful,Sushi,humas,Password,Tacoma,US,47.1112,-122.5897
2021-07-21 21:18:09 PDT-0700,71.197.171.218,Sucessful,Sushi,humas,Password,Tacoma,US,47.1112,-122.5897
2021-07-22 06:55:51 PDT-0700,71.197.171.218,Sucessful,Sushi,root,Password,Tacoma,US,47.1112,-122.5897
2021-07-22 11:32:14 PDT-0700,71.197.171.218,Sucessful,Sushi,humas,Password,Tacoma,US,47.1112,-122.5897
2021-07-22 11:38:53 PDT-0700,71.197.171.218,Sucessful,Sushi,root,Password,Tacoma,US,47.1112,-122.5897
2021-07-22 11:41:41 PDT-0700,71.197.171.218,Sucessful,Sushi,root,Password,Tacoma,US,47.1112,-122.5897
2021-07-22 11:45:43 PDT-0700,71.197.171.218,Sucessful,Sushi,root,Password,Tacoma,US,47.1112,-122.5897
2021-07-22 11:46:06 PDT-0700,71.197.171.218,Sucessful,Sushi,root,Password,Tacoma,US,47.1112,-122.5897
2021-07-22 11:51:12 PDT-0700,71.197.171.218,Sucessful,Sushi,humas,Password,Tacoma,US,47.1112,-122.5897
2021-07-22 11:53:15 PDT-0700,71.197.171.218,Sucessful,Sushi,root,Password,Tacoma,US,47.1112,-122.5897
2021-07-22 11:53:21 PDT-0700,71.197.171.218,Sucessful,Sushi,root,Password,Tacoma,US,47.1112,-122.5897
2021-07-22 11:54:37 PDT-0700,71.197.171.218,Sucessful,Sushi,root,Password,Tacoma,US,47.1112,-122.5897
2021-07-22 11:56:41 PDT-0700,71.197.171.218,Sucessful,Sushi,humas,Password,Tacoma,US,47.1112,-122.5897
2021-07-22 11:57:33 PDT-0700,71.197.171.218,Sucessful,Sushi,root,Password,Tacoma,US,47.1112,-122.5897
2021-07-22 11:59:49 PDT-0700,71.197.171.218,Sucessful,Sushi,root,Password,Tacoma,US,47.1112,-122.5897
2021-07-22 12:01:34 PDT-0700,71.197.171.218,Sucessful,Sushi,root,Password,Tacoma,US,47.1112,-122.5897
2021-07-22 12:25:33 PDT-0700,71.197.171.218,Sucessful,Sushi,humas,Password,Tacoma,US,47.1112,-122.5897
2021-07-23 20:23:19 PDT-0700,131.191.82.193,Sucessful,Sushi,root,Password,Tacoma,US,47.2476,-122.4643
2021-07-23 20:27:19 PDT-0700,131.191.82.193,Sucessful,Sushi,humas,Password,Tacoma,US,47.2476,-122.4643
2021-07-23 20:42:58 PDT-0700,131.191.82.193,Sucessful,Sushi,root,Password,Tacoma,US,47.2476,-122.4643
2021-07-23 20:45:28 PDT-0700,131.191.82.193,Sucessful,Sushi,root,Password,Tacoma,US,47.2476,-122.4643
2021-07-23 21:58:12 PDT-0700,131.191.82.193,Sucessful,Sushi,root,Password,Tacoma,US,47.2476,-122.4643
2021-07-23 21:59:08 PDT-0700,131.191.82.193,Sucessful,Sushi,root,Password,Tacoma,US,47.2476,-122.4643
2021-07-23 22:53:51 PDT-0700,131.191.82.193,Sucessful,Sushi,root,Password,Tacoma,US,47.2476,-122.4643
2021-07-23 22:54:35 PDT-0700,131.191.82.193,Sucessful,Sushi,root,Password,Tacoma,US,47.2476,-122.4643
2021-07-23 23:05:10 PDT-0700,131.191.82.193,Sucessful,Sushi,root,Password,Tacoma,US,47.2476,-122.4643
2021-07-23 23:29:13 PDT-0700,131.191.82.193,Sucessful,Sushi,root,Password,Tacoma,US,47.2476,-122.4643
2021-07-23 23:34:32 PDT-0700,131.191.82.193,Sucessful,Sushi,root,Password,Tacoma,US,47.2476,-122.4643
2021-07-23 23:35:13 PDT-0700,131.191.82.193,Sucessful,Sushi,root,Password,Tacoma,US,47.2476,-122.4643
2021-07-23 23:36:28 PDT-0700,131.191.82.193,Sucessful,Sushi,root,Password,Tacoma,US,47.2476,-122.4643
2021-07-23 23:36:29 PDT-0700,131.191.82.193,Sucessful,Sushi,root,Password,Tacoma,US,47.2476,-122.4643
2021-07-23 23:37:34 PDT-0700,131.191.82.193,Sucessful,Sushi,root,Password,Tacoma,US,47.2476,-122.4643
2021-07-23 23:37:36 PDT-0700,131.191.82.193,Sucessful,Sushi,root,Password,Tacoma,US,47.2476,-122.4643
2021-07-23 23:38:32 PDT-0700,131.191.82.193,Sucessful,Sushi,root,Password,Tacoma,US,47.2476,-122.4643
2021-07-23 23:42:01 PDT-0700,131.191.82.193,Sucessful,Sushi,root,Password,Tacoma,US,47.2476,-122.4643
2021-07-23 23:45:59 PDT-0700,131.191.82.193,Sucessful,Sushi,root,Password,Tacoma,US,47.2476,-122.4643
2021-07-23 23:48:10 PDT-0700,131.191.82.193,Sucessful,Sushi,root,Password,Tacoma,US,47.2476,-122.4643
2021-07-23 23:48:12 PDT-0700,131.191.82.193,Sucessful,Sushi,root,Password,Tacoma,US,47.2476,-122.4643
2021-07-23 23:50:24 PDT-0700,131.191.82.193,Sucessful,Sushi,root,Password,Tacoma,US,47.2476,-122.4643
2021-07-23 23:50:34 PDT-0700,131.191.82.193,Sucessful,Sushi,root,Password,Tacoma,US,47.2476,-122.4643
2021-07-23 23:53:10 PDT-0700,131.191.82.193,Sucessful,Sushi,root,Password,Tacoma,US,47.2476,-122.4643
2021-07-24 16:58:05 PDT-0700,131.191.82.193,Sucessful,Sushi,root,Password,Tacoma,US,47.2476,-122.4643
2021-07-24 18:54:31 PDT-0700,131.191.82.193,Sucessful,NewYork,root,Password,Tacoma,US,47.2476,-122.4643
2021-07-24 21:24:46 PDT-0700,131.191.82.193,Sucessful,NewYork,root,Password,Tacoma,US,47.2476,-122.4643
2021-07-24 21:25:14 PDT-0700,131.191.82.193,Sucessful,NewYork,root,Password,Tacoma,US,47.2476,-122.4643
2021-07-24 21:40:14 PDT-0700,131.191.82.193,Sucessful,NewYork,takeya,Public_Key,Tacoma,US,47.2476,-122.4643
2021-07-24 21:42:36 PDT-0700,131.191.82.193,Sucessful,NewYork,root,Password,Tacoma,US,47.2476,-122.4643
2021-07-24 21:43:02 PDT-0700,131.191.82.193,Sucessful,NewYork,root,Password,Tacoma,US,47.2476,-122.4643
2021-07-24 21:43:16 PDT-0700,131.191.82.193,Sucessful,NewYork,root,Password,Tacoma,US,47.2476,-122.4643
2021-07-24 21:43:38 PDT-0700,131.191.82.193,Sucessful,NewYork,root,Password,Tacoma,US,47.2476,-122.4643
2021-07-24 21:53:03 PDT-0700,131.191.82.193,Sucessful,NewYork,root,Password,Tacoma,US,47.2476,-122.4643
2021-07-24 21:54:27 PDT-0700,131.191.82.193,Sucessful,NewYork,root,Password,Tacoma,US,47.2476,-122.4643
2021-07-24 21:55:51 PDT-0700,131.191.82.193,Sucessful,NewYork,root,Password,Tacoma,US,47.2476,-122.4643
2021-07-24 21:56:15 PDT-0700,131.191.82.193,Sucessful,NewYork,root,Password,Tacoma,US,47.2476,-122.4643
2021-07-24 21:56:58 PDT-0700,131.191.82.193,Sucessful,NewYork,root,Password,Tacoma,US,47.2476,-122.4643
2021-07-24 21:57:32 PDT-0700,131.191.82.193,Sucessful,NewYork,takeya,Public_Key,Tacoma,US,47.2476,-122.4643
2021-07-24 21:57:39 PDT-0700,131.191.82.193,Sucessful,NewYork,root,Password,Tacoma,US,47.2476,-122.4643
2021-07-24 21:57:55 PDT-0700,131.191.82.193,Sucessful,NewYork,root,Password,Tacoma,US,47.2476,-122.4643
2021-07-24 21:58:40 PDT-0700,131.191.82.193,Sucessful,NewYork,root,Password,Tacoma,US,47.2476,-122.4643
2021-07-24 22:00:44 PDT-0700,131.191.82.193,Sucessful,NewYork,root,Password,Tacoma,US,47.2476,-122.4643
2021-07-24 22:01:59 PDT-0700,131.191.82.193,Sucessful,NewYork,root,Password,Tacoma,US,47.2476,-122.4643
2021-07-24 22:04:53 PDT-0700,131.191.82.193,Sucessful,NewYork,root,Password,Tacoma,US,47.2476,-122.4643
2021-07-24 22:05:31 PDT-0700,131.191.82.193,Sucessful,NewYork,root,Password,Tacoma,US,47.2476,-122.4643
2021-07-24 22:09:33 PDT-0700,131.191.82.193,Sucessful,NewYork,root,Password,Tacoma,US,47.2476,-122.4643
2021-07-24 22:10:08 PDT-0700,131.191.82.193,Sucessful,NewYork,root,Password,Tacoma,US,47.2476,-122.4643
2021-07-24 22:10:52 PDT-0700,131.191.82.193,Sucessful,NewYork,root,Password,Tacoma,US,47.2476,-122.4643
2021-07-24 22:13:38 PDT-0700,131.191.82.193,Sucessful,NewYork,root,Password,Tacoma,US,47.2476,-122.4643
2021-07-24 22:13:39 PDT-0700,131.191.82.193,Sucessful,NewYork,root,Password,Tacoma,US,47.2476,-122.4643
2021-07-24 22:20:09 PDT-0700,131.191.82.193,Sucessful,NewYork,root,Password,Tacoma,US,47.2476,-122.4643
2021-07-24 22:26:00 PDT-0700,131.191.82.193,Sucessful,NewYork,root,Password,Tacoma,US,47.2476,-122.4643
2021-07-24 22:28:01 PDT-0700,131.191.82.193,Sucessful,NewYork,root,Password,Tacoma,US,47.2476,-122.4643
2021-07-24 22:28:03 PDT-0700,131.191.82.193,Sucessful,NewYork,root,Password,Tacoma,US,47.2476,-122.4643
2021-07-24 22:32:55 PDT-0700,131.191.82.193,Sucessful,NewYork,root,Password,Tacoma,US,47.2476,-122.4643
2021-07-24 22:38:11 PDT-0700,131.191.82.193,Sucessful,NewYork,root,Password,Tacoma,US,47.2476,-122.4643
2021-07-24 22:49:34 PDT-0700,131.191.82.193,Sucessful,NewYork,root,Password,Tacoma,US,47.2476,-122.4643
2021-07-24 22:49:46 PDT-0700,131.191.82.193,Sucessful,NewYork,root,Password,Tacoma,US,47.2476,-122.4643
2021-07-24 22:55:16 PDT-0700,131.191.82.193,Sucessful,NewYork,root,Password,Tacoma,US,47.2476,-122.4643
2021-07-24 22:58:51 PDT-0700,131.191.82.193,Sucessful,NewYork,root,Password,Tacoma,US,47.2476,-122.4643
2021-07-26 09:13:50 PDT-0700,172.58.44.252,Sucessful,NewYork,root,Password,Portland,US,45.5153,-122.5523
2021-07-26 09:13:51 PDT-0700,172.58.44.252,Sucessful,NewYork,root,Password,Portland,US,45.5153,-122.5523
2021-07-26 09:15:01 PDT-0700,172.58.44.252,Sucessful,NewYork,root,Password,Portland,US,45.5153,-122.5523
2021-07-26 09:15:03 PDT-0700,172.58.44.252,Sucessful,NewYork,root,Password,Portland,US,45.5153,-122.5523
2021-07-26 09:15:49 PDT-0700,172.58.44.252,Sucessful,NewYork,root,Password,Portland,US,45.5153,-122.5523
2021-07-26 09:16:46 PDT-0700,172.58.44.252,Sucessful,NewYork,root,Password,Portland,US,45.5153,-122.5523
2021-07-26 09:16:49 PDT-0700,172.58.44.252,Sucessful,NewYork,root,Password,Portland,US,45.5153,-122.5523
2021-07-28 14:57:48 PDT-0700,172.58.44.246,Sucessful,NewYork,root,Password,Portland,US,45.5153,-122.5523
2021-07-29 12:03:45 PDT-0700,73.109.61.99,Sucessful,NewYork,root,Password,Seattle,US,47.3957,-122.3036
2021-07-29 12:05:26 PDT-0700,73.109.61.99,Sucessful,NewYork,root,Password,Seattle,US,47.3957,-122.3036
2021-07-29 12:18:06 PDT-0700,73.109.61.99,Sucessful,NewYork,root,Password,Seattle,US,47.3957,-122.3036
2021-07-29 12:42:27 PDT-0700,73.109.61.99,Sucessful,NewYork,root,Password,Seattle,US,47.3957,-122.3036
2021-07-29 12:46:03 PDT-0700,73.109.61.99,Sucessful,NewYork,root,Password,Seattle,US,47.3957,-122.3036
2021-07-29 12:47:23 PDT-0700,73.109.61.99,Sucessful,NewYork,root,Password,Seattle,US,47.3957,-122.3036
2021-07-29 14:54:41 PDT-0700,73.109.61.99,Sucessful,NewYork,root,Password,Seattle,US,47.3957,-122.3036
2021-07-29 15:32:52 PDT-0700,73.109.61.99,Sucessful,NewYork,root,Password,Seattle,US,47.3957,-122.3036
2021-07-29 15:44:58 PDT-0700,73.109.61.99,Sucessful,NewYork,root,Password,Seattle,US,47.3957,-122.3036
2021-07-29 15:45:14 PDT-0700,73.109.61.99,Sucessful,NewYork,root,Password,Seattle,US,47.3957,-122.3036
2021-07-29 16:02:58 PDT-0700,73.109.61.99,Sucessful,NewYork,root,Password,Seattle,US,47.3957,-122.3036
2021-07-29 16:04:10 PDT-0700,73.109.61.99,Sucessful,NewYork,root,Password,Seattle,US,47.3957,-122.3036
2021-07-29 16:07:17 PDT-0700,73.109.61.99,Sucessful,NewYork,root,Password,Seattle,US,47.3957,-122.3036
2021-07-29 16:10:47 PDT-0700,73.109.61.99,Sucessful,NewYork,root,Password,Seattle,US,47.3957,-122.3036
2021-07-29 16:13:02 PDT-0700,73.109.61.99,Sucessful,NewYork,root,Password,Seattle,US,47.3957,-122.3036
2021-07-29 16:17:03 PDT-0700,73.109.61.99,Sucessful,NewYork,root,Password,Seattle,US,47.3957,-122.3036
2021-07-29 16:43:23 PDT-0700,73.109.61.99,Sucessful,NewYork,root,Password,Seattle,US,47.3957,-122.3036
2021-07-29 16:50:48 PDT-0700,73.109.61.99,Sucessful,NewYork,root,Password,Seattle,US,47.3957,-122.3036
2021-07-29 17:07:07 PDT-0700,73.109.61.99,Sucessful,NewYork,root,Password,Seattle,US,47.3957,-122.3036
2021-07-29 17:38:24 PDT-0700,73.109.61.99,Sucessful,NewYork,root,Password,Seattle,US,47.3957,-122.3036
2021-07-29 17:52:40 PDT-0700,73.109.61.99,Sucessful,NewYork,takeya,Password,Seattle,US,47.3957,-122.3036
2021-07-29 17:55:27 PDT-0700,45.77.29.225,Sucessful,NewYork,takeya,Password,Heiwajima,JP,35.5819,139.7663
2021-07-29 23:01:58 PDT-0700,73.109.63.27,Sucessful,NewYork,root,Password,Seattle,US,47.3957,-122.3036
2021-07-29 23:03:02 PDT-0700,73.109.63.27,Sucessful,NewYork,root,Password,Seattle,US,47.3957,-122.3036
2021-07-29 23:05:39 PDT-0700,73.109.63.27,Sucessful,NewYork,root,Password,Seattle,US,47.3957,-122.3036
2021-07-29 23:07:14 PDT-0700,73.109.63.27,Sucessful,NewYork,root,Password,Seattle,US,47.3957,-122.3036
2021-07-29 23:08:20 PDT-0700,73.109.63.27,Sucessful,NewYork,root,Password,Seattle,US,47.3957,-122.3036
2021-07-29 23:12:56 PDT-0700,73.109.63.27,Sucessful,NewYork,root,Password,Seattle,US,47.3957,-122.3036
2021-07-29 23:14:56 PDT-0700,73.109.63.27,Sucessful,NewYork,root,Password,Seattle,US,47.3957,-122.3036
2021-07-29 23:15:51 PDT-0700,73.109.63.27,Sucessful,NewYork,root,Password,Seattle,US,47.3957,-122.3036
2021-07-29 23:19:51 PDT-0700,73.109.63.27,Sucessful,NewYork,root,Password,Seattle,US,47.3957,-122.3036
2021-07-29 23:21:37 PDT-0700,73.109.63.27,Sucessful,NewYork,root,Password,Seattle,US,47.3957,-122.3036
2021-07-29 23:22:46 PDT-0700,73.109.63.27,Sucessful,NewYork,root,Password,Seattle,US,47.3957,-122.3036
2021-07-29 23:23:28 PDT-0700,73.109.63.27,Sucessful,NewYork,root,Password,Seattle,US,47.3957,-122.3036
2021-07-29 23:24:40 PDT-0700,73.109.63.27,Sucessful,NewYork,root,Password,Seattle,US,47.3957,-122.3036
2021-07-29 23:25:41 PDT-0700,73.109.63.27,Sucessful,NewYork,root,Password,Seattle,US,47.3957,-122.3036
2021-07-29 23:31:15 PDT-0700,73.109.63.27,Sucessful,NewYork,root,Password,Seattle,US,47.3957,-122.3036
2021-07-29 23:32:44 PDT-0700,73.109.63.27,Sucessful,NewYork,root,Password,Seattle,US,47.3957,-122.3036
2021-07-29 23:34:27 PDT-0700,73.109.63.27,Sucessful,NewYork,root,Password,Seattle,US,47.3957,-122.3036
2021-07-29 23:34:54 PDT-0700,73.109.63.27,Sucessful,NewYork,root,Password,Seattle,US,47.3957,-122.3036
2021-07-29 23:36:19 PDT-0700,73.109.63.27,Sucessful,NewYork,root,Password,Seattle,US,47.3957,-122.3036
2021-07-29 23:43:37 PDT-0700,73.109.63.27,Sucessful,NewYork,root,Password,Seattle,US,47.3957,-122.3036
2021-07-24 18:54:27 PDT-0700,131.191.82.193,Sucessful,sherlock,root,Password,Tacoma,US,47.2476,-122.4643
2021-07-24 18:54:45 PDT-0700,131.191.82.193,Sucessful,sherlock,root,Password,Tacoma,US,47.2476,-122.4643
2021-07-24 21:25:26 PDT-0700,131.191.82.193,Sucessful,sherlock,root,Password,Tacoma,US,47.2476,-122.4643
2021-07-24 21:27:47 PDT-0700,131.191.82.193,Sucessful,sherlock,zealand,Password,Tacoma,US,47.2476,-122.4643
2021-07-24 21:32:28 PDT-0700,131.191.82.193,Sucessful,sherlock,zealand,Password,Tacoma,US,47.2476,-122.4643
2021-07-24 21:33:16 PDT-0700,131.191.82.193,Sucessful,sherlock,root,Password,Tacoma,US,47.2476,-122.4643
2021-07-24 21:33:40 PDT-0700,131.191.82.193,Sucessful,sherlock,root,Password,Tacoma,US,47.2476,-122.4643
2021-07-24 21:34:09 PDT-0700,131.191.82.193,Sucessful,sherlock,root,Password,Tacoma,US,47.2476,-122.4643
2021-07-24 21:53:11 PDT-0700,131.191.82.193,Sucessful,sherlock,root,Password,Tacoma,US,47.2476,-122.4643
2021-07-24 21:54:41 PDT-0700,131.191.82.193,Sucessful,sherlock,root,Password,Tacoma,US,47.2476,-122.4643
2021-07-24 21:57:08 PDT-0700,131.191.82.193,Sucessful,sherlock,root,Password,Tacoma,US,47.2476,-122.4643
2021-07-24 21:57:49 PDT-0700,131.191.82.193,Sucessful,sherlock,root,Password,Tacoma,US,47.2476,-122.4643
2021-07-24 21:58:10 PDT-0700,131.191.82.193,Sucessful,sherlock,root,Password,Tacoma,US,47.2476,-122.4643
2021-07-24 21:58:53 PDT-0700,131.191.82.193,Sucessful,sherlock,root,Password,Tacoma,US,47.2476,-122.4643
2021-07-24 22:00:54 PDT-0700,131.191.82.193,Sucessful,sherlock,root,Password,Tacoma,US,47.2476,-122.4643
2021-07-24 22:02:12 PDT-0700,131.191.82.193,Sucessful,sherlock,root,Password,Tacoma,US,47.2476,-122.4643
2021-07-24 22:05:05 PDT-0700,131.191.82.193,Sucessful,sherlock,root,Password,Tacoma,US,47.2476,-122.4643
2021-07-24 22:05:47 PDT-0700,131.191.82.193,Sucessful,sherlock,root,Password,Tacoma,US,47.2476,-122.4643
2021-07-24 22:09:41 PDT-0700,131.191.82.193,Sucessful,sherlock,root,Password,Tacoma,US,47.2476,-122.4643
2021-07-24 22:10:20 PDT-0700,131.191.82.193,Sucessful,sherlock,root,Password,Tacoma,US,47.2476,-122.4643
2021-07-24 22:11:03 PDT-0700,131.191.82.193,Sucessful,sherlock,root,Password,Tacoma,US,47.2476,-122.4643
2021-07-24 22:13:49 PDT-0700,131.191.82.193,Sucessful,sherlock,root,Password,Tacoma,US,47.2476,-122.4643
2021-07-24 22:13:51 PDT-0700,131.191.82.193,Sucessful,sherlock,root,Password,Tacoma,US,47.2476,-122.4643
2021-07-24 22:20:25 PDT-0700,131.191.82.193,Sucessful,sherlock,root,Password,Tacoma,US,47.2476,-122.4643
2021-07-24 22:26:11 PDT-0700,131.191.82.193,Sucessful,sherlock,root,Password,Tacoma,US,47.2476,-122.4643
2021-07-24 22:28:10 PDT-0700,131.191.82.193,Sucessful,sherlock,root,Password,Tacoma,US,47.2476,-122.4643
2021-07-24 22:28:12 PDT-0700,131.191.82.193,Sucessful,sherlock,root,Password,Tacoma,US,47.2476,-122.4643
2021-07-24 22:33:12 PDT-0700,131.191.82.193,Sucessful,sherlock,root,Password,Tacoma,US,47.2476,-122.4643
2021-07-24 22:38:26 PDT-0700,131.191.82.193,Sucessful,sherlock,root,Password,Tacoma,US,47.2476,-122.4643
2021-07-24 22:49:47 PDT-0700,131.191.82.193,Sucessful,sherlock,root,Password,Tacoma,US,47.2476,-122.4643
2021-07-24 22:50:02 PDT-0700,131.191.82.193,Sucessful,sherlock,root,Password,Tacoma,US,47.2476,-122.4643
2021-07-24 22:55:39 PDT-0700,131.191.82.193,Sucessful,sherlock,root,Password,Tacoma,US,47.2476,-122.4643
2021-07-24 22:59:07 PDT-0700,131.191.82.193,Sucessful,sherlock,root,Password,Tacoma,US,47.2476,-122.4643
2021-07-26 09:14:02 PDT-0700,172.58.44.252,Sucessful,sherlock,root,Password,Portland,US,45.5153,-122.5523
2021-07-26 09:14:02 PDT-0700,172.58.44.252,Sucessful,sherlock,root,Password,Portland,US,45.5153,-122.5523
2021-07-26 09:15:12 PDT-0700,172.58.44.252,Sucessful,sherlock,root,Password,Portland,US,45.5153,-122.5523
2021-07-26 09:15:12 PDT-0700,172.58.44.252,Sucessful,sherlock,root,Password,Portland,US,45.5153,-122.5523
2021-07-26 09:16:01 PDT-0700,172.58.44.252,Sucessful,sherlock,root,Password,Portland,US,45.5153,-122.5523
2021-07-26 09:17:04 PDT-0700,172.58.44.252,Sucessful,sherlock,root,Password,Portland,US,45.5153,-122.5523
2021-07-26 09:17:06 PDT-0700,172.58.44.252,Sucessful,sherlock,root,Password,Portland,US,45.5153,-122.5523
2021-07-28 14:58:24 PDT-0700,172.58.44.246,Sucessful,sherlock,root,Password,Portland,US,45.5153,-122.5523
2021-07-29 12:03:53 PDT-0700,73.109.61.99,Sucessful,sherlock,root,Password,Seattle,US,47.3957,-122.3036
2021-07-29 12:05:33 PDT-0700,73.109.61.99,Sucessful,sherlock,root,Password,Seattle,US,47.3957,-122.3036
2021-07-29 12:18:13 PDT-0700,73.109.61.99,Sucessful,sherlock,root,Password,Seattle,US,47.3957,-122.3036
2021-07-29 12:42:33 PDT-0700,73.109.61.99,Sucessful,sherlock,root,Password,Seattle,US,47.3957,-122.3036
2021-07-29 12:46:09 PDT-0700,73.109.61.99,Sucessful,sherlock,root,Password,Seattle,US,47.3957,-122.3036
2021-07-29 12:47:30 PDT-0700,73.109.61.99,Sucessful,sherlock,root,Password,Seattle,US,47.3957,-122.3036
2021-07-29 14:54:47 PDT-0700,73.109.61.99,Sucessful,sherlock,root,Password,Seattle,US,47.3957,-122.3036
2021-07-29 15:33:00 PDT-0700,73.109.61.99,Sucessful,sherlock,root,Password,Seattle,US,47.3957,-122.3036
2021-07-29 15:45:27 PDT-0700,73.109.61.99,Sucessful,sherlock,root,Password,Seattle,US,47.3957,-122.3036
2021-07-29 16:03:12 PDT-0700,73.109.61.99,Sucessful,sherlock,root,Password,Seattle,US,47.3957,-122.3036
2021-07-29 16:04:25 PDT-0700,73.109.61.99,Sucessful,sherlock,root,Password,Seattle,US,47.3957,-122.3036
2021-07-29 16:07:29 PDT-0700,73.109.61.99,Sucessful,sherlock,root,Password,Seattle,US,47.3957,-122.3036
2021-07-29 16:10:58 PDT-0700,73.109.61.99,Sucessful,sherlock,root,Password,Seattle,US,47.3957,-122.3036
2021-07-29 16:13:10 PDT-0700,73.109.61.99,Sucessful,sherlock,root,Password,Seattle,US,47.3957,-122.3036
2021-07-29 16:17:12 PDT-0700,73.109.61.99,Sucessful,sherlock,root,Password,Seattle,US,47.3957,-122.3036
2021-07-29 16:43:31 PDT-0700,73.109.61.99,Sucessful,sherlock,root,Password,Seattle,US,47.3957,-122.3036
2021-07-29 16:50:59 PDT-0700,73.109.61.99,Sucessful,sherlock,root,Password,Seattle,US,47.3957,-122.3036
2021-07-29 17:07:20 PDT-0700,73.109.61.99,Sucessful,sherlock,root,Password,Seattle,US,47.3957,-122.3036
2021-07-29 17:38:35 PDT-0700,73.109.61.99,Sucessful,sherlock,root,Password,Seattle,US,47.3957,-122.3036
2021-07-29 23:02:05 PDT-0700,73.109.63.27,Sucessful,sherlock,root,Password,Seattle,US,47.3957,-122.3036
2021-07-29 23:03:14 PDT-0700,73.109.63.27,Sucessful,sherlock,root,Password,Seattle,US,47.3957,-122.3036
2021-07-29 23:05:46 PDT-0700,73.109.63.27,Sucessful,sherlock,root,Password,Seattle,US,47.3957,-122.3036
2021-07-29 23:07:21 PDT-0700,73.109.63.27,Sucessful,sherlock,root,Password,Seattle,US,47.3957,-122.3036
2021-07-29 23:08:27 PDT-0700,73.109.63.27,Sucessful,sherlock,root,Password,Seattle,US,47.3957,-122.3036
2021-07-29 23:13:03 PDT-0700,73.109.63.27,Sucessful,sherlock,root,Password,Seattle,US,47.3957,-122.3036
2021-07-29 23:15:03 PDT-0700,73.109.63.27,Sucessful,sherlock,root,Password,Seattle,US,47.3957,-122.3036
2021-07-29 23:16:01 PDT-0700,73.109.63.27,Sucessful,sherlock,root,Password,Seattle,US,47.3957,-122.3036
2021-07-29 23:19:59 PDT-0700,73.109.63.27,Sucessful,sherlock,root,Password,Seattle,US,47.3957,-122.3036
2021-07-29 23:21:44 PDT-0700,73.109.63.27,Sucessful,sherlock,root,Password,Seattle,US,47.3957,-122.3036
2021-07-29 23:22:53 PDT-0700,73.109.63.27,Sucessful,sherlock,root,Password,Seattle,US,47.3957,-122.3036
2021-07-29 23:23:35 PDT-0700,73.109.63.27,Sucessful,sherlock,root,Password,Seattle,US,47.3957,-122.3036
2021-07-29 23:24:47 PDT-0700,73.109.63.27,Sucessful,sherlock,root,Password,Seattle,US,47.3957,-122.3036
2021-07-29 23:25:49 PDT-0700,73.109.63.27,Sucessful,sherlock,root,Password,Seattle,US,47.3957,-122.3036
2021-07-29 23:31:22 PDT-0700,73.109.63.27,Sucessful,sherlock,root,Password,Seattle,US,47.3957,-122.3036
2021-07-29 23:32:52 PDT-0700,73.109.63.27,Sucessful,sherlock,root,Password,Seattle,US,47.3957,-122.3036
2021-07-29 23:34:35 PDT-0700,73.109.63.27,Sucessful,sherlock,root,Password,Seattle,US,47.3957,-122.3036
2021-07-29 23:35:01 PDT-0700,73.109.63.27,Sucessful,sherlock,root,Password,Seattle,US,47.3957,-122.3036
2021-07-29 23:36:26 PDT-0700,73.109.63.27,Sucessful,sherlock,root,Password,Seattle,US,47.3957,-122.3036
2021-07-29 23:43:44 PDT-0700,73.109.63.27,Sucessful,sherlock,root,Password,Seattle,US,47.3957,-122.3036
2021-07-21 10:36:33 PDT-0700,172.58.45.178,Sucessful,sherlock,root,Password,Portland,US,45.5153,-122.5523
2021-07-21 10:39:06 PDT-0700,172.58.45.178,Sucessful,sherlock,root,Password,Portland,US,45.5153,-122.5523
2021-07-21 10:41:10 PDT-0700,172.58.45.178,Sucessful,sherlock,root,Password,Portland,US,45.5153,-122.5523
2021-07-21 11:56:21 PDT-0700,71.197.171.218,Sucessful,sherlock,root,Password,Tacoma,US,47.1112,-122.5897
2021-07-21 12:00:39 PDT-0700,71.197.171.218,Sucessful,sherlock,zealand,Password,Tacoma,US,47.1112,-122.5897
2021-07-21 12:07:09 PDT-0700,71.197.171.218,Sucessful,sherlock,zealand,Password,Tacoma,US,47.1112,-122.5897
2021-07-21 12:11:05 PDT-0700,71.197.171.218,Sucessful,sherlock,zealand,Password,Tacoma,US,47.1112,-122.5897
2021-07-21 12:14:49 PDT-0700,71.197.171.218,Sucessful,sherlock,root,Password,Tacoma,US,47.1112,-122.5897
2021-07-21 12:21:49 PDT-0700,71.197.171.218,Sucessful,sherlock,swarm,Password,Tacoma,US,47.1112,-122.5897
2021-07-21 19:07:19 PDT-0700,71.197.171.218,Sucessful,sherlock,root,Password,Tacoma,US,47.1112,-122.5897
2021-07-21 19:08:52 PDT-0700,45.77.29.225,Sucessful,sherlock,zealand,Password,Heiwajima,JP,35.5819,139.7663
2021-07-21 19:17:51 PDT-0700,71.197.171.218,Sucessful,sherlock,root,Password,Tacoma,US,47.1112,-122.5897
2021-07-21 19:18:35 PDT-0700,45.77.29.225,Sucessful,sherlock,zealand,Password,Heiwajima,JP,35.5819,139.7663
2021-07-21 19:35:26 PDT-0700,71.197.171.218,Sucessful,sherlock,root,Password,Tacoma,US,47.1112,-122.5897
2021-07-21 19:42:15 PDT-0700,71.197.171.218,Sucessful,sherlock,root,Password,Tacoma,US,47.1112,-122.5897
2021-07-21 19:48:49 PDT-0700,71.197.171.218,Sucessful,sherlock,root,Password,Tacoma,US,47.1112,-122.5897
2021-07-21 19:49:23 PDT-0700,71.197.171.218,Sucessful,sherlock,root,Password,Tacoma,US,47.1112,-122.5897
2021-07-21 19:58:53 PDT-0700,71.197.171.218,Sucessful,sherlock,root,Password,Tacoma,US,47.1112,-122.5897
2021-07-21 20:01:32 PDT-0700,71.197.171.218,Sucessful,sherlock,root,Password,Tacoma,US,47.1112,-122.5897
2021-07-21 20:12:26 PDT-0700,71.197.171.218,Sucessful,sherlock,root,Password,Tacoma,US,47.1112,-122.5897
2021-07-21 20:17:29 PDT-0700,71.197.171.218,Sucessful,sherlock,root,Password,Tacoma,US,47.1112,-122.5897
2021-07-21 20:21:29 PDT-0700,71.197.171.218,Sucessful,sherlock,root,Password,Tacoma,US,47.1112,-122.5897
2021-07-21 20:25:12 PDT-0700,71.197.171.218,Sucessful,sherlock,root,Password,Tacoma,US,47.1112,-122.5897
2021-07-21 20:48:54 PDT-0700,71.197.171.218,Sucessful,sherlock,root,Password,Tacoma,US,47.1112,-122.5897
2021-07-21 21:20:28 PDT-0700,45.77.29.225,Sucessful,sherlock,zealand,Password,Heiwajima,JP,35.5819,139.7663
2021-07-22 06:55:56 PDT-0700,71.197.171.218,Sucessful,sherlock,root,Password,Tacoma,US,47.1112,-122.5897
2021-07-22 11:38:59 PDT-0700,71.197.171.218,Sucessful,sherlock,root,Password,Tacoma,US,47.1112,-122.5897
2021-07-22 11:41:46 PDT-0700,71.197.171.218,Sucessful,sherlock,root,Password,Tacoma,US,47.1112,-122.5897
2021-07-22 11:45:49 PDT-0700,71.197.171.218,Sucessful,sherlock,root,Password,Tacoma,US,47.1112,-122.5897
2021-07-22 11:46:11 PDT-0700,71.197.171.218,Sucessful,sherlock,root,Password,Tacoma,US,47.1112,-122.5897
2021-07-22 11:54:40 PDT-0700,71.197.171.218,Sucessful,sherlock,root,Password,Tacoma,US,47.1112,-122.5897
2021-07-22 11:57:40 PDT-0700,71.197.171.218,Sucessful,sherlock,root,Password,Tacoma,US,47.1112,-122.5897
2021-07-22 11:59:51 PDT-0700,71.197.171.218,Sucessful,sherlock,root,Password,Tacoma,US,47.1112,-122.5897
2021-07-22 12:01:40 PDT-0700,71.197.171.218,Sucessful,sherlock,root,Password,Tacoma,US,47.1112,-122.5897
2021-07-23 20:23:28 PDT-0700,131.191.82.193,Sucessful,sherlock,root,Password,Tacoma,US,47.2476,-122.4643
2021-07-23 20:36:53 PDT-0700,131.191.82.193,Sucessful,sherlock,zealand,Password,Tacoma,US,47.2476,-122.4643
2021-07-23 20:43:07 PDT-0700,131.191.82.193,Sucessful,sherlock,root,Password,Tacoma,US,47.2476,-122.4643
2021-07-23 20:45:37 PDT-0700,131.191.82.193,Sucessful,sherlock,root,Password,Tacoma,US,47.2476,-122.4643
2021-07-23 21:58:29 PDT-0700,131.191.82.193,Sucessful,sherlock,root,Password,Tacoma,US,47.2476,-122.4643
2021-07-23 21:59:16 PDT-0700,131.191.82.193,Sucessful,sherlock,root,Password,Tacoma,US,47.2476,-122.4643
2021-07-23 22:54:00 PDT-0700,131.191.82.193,Sucessful,sherlock,root,Password,Tacoma,US,47.2476,-122.4643
2021-07-23 22:54:45 PDT-0700,131.191.82.193,Sucessful,sherlock,root,Password,Tacoma,US,47.2476,-122.4643
2021-07-23 23:05:18 PDT-0700,131.191.82.193,Sucessful,sherlock,root,Password,Tacoma,US,47.2476,-122.4643
2021-07-23 23:29:21 PDT-0700,131.191.82.193,Sucessful,sherlock,root,Password,Tacoma,US,47.2476,-122.4643
2021-07-23 23:34:40 PDT-0700,131.191.82.193,Sucessful,sherlock,root,Password,Tacoma,US,47.2476,-122.4643
2021-07-23 23:35:26 PDT-0700,131.191.82.193,Sucessful,sherlock,root,Password,Tacoma,US,47.2476,-122.4643
2021-07-23 23:36:40 PDT-0700,131.191.82.193,Sucessful,sherlock,root,Password,Tacoma,US,47.2476,-122.4643
2021-07-23 23:36:43 PDT-0700,131.191.82.193,Sucessful,sherlock,root,Password,Tacoma,US,47.2476,-122.4643
2021-07-23 23:37:43 PDT-0700,131.191.82.193,Sucessful,sherlock,root,Password,Tacoma,US,47.2476,-122.4643
2021-07-23 23:37:46 PDT-0700,131.191.82.193,Sucessful,sherlock,root,Password,Tacoma,US,47.2476,-122.4643
2021-07-23 23:38:41 PDT-0700,131.191.82.193,Sucessful,sherlock,root,Password,Tacoma,US,47.2476,-122.4643
2021-07-23 23:42:11 PDT-0700,131.191.82.193,Sucessful,sherlock,root,Password,Tacoma,US,47.2476,-122.4643
2021-07-23 23:46:07 PDT-0700,131.191.82.193,Sucessful,sherlock,root,Password,Tacoma,US,47.2476,-122.4643
2021-07-23 23:48:23 PDT-0700,131.191.82.193,Sucessful,sherlock,root,Password,Tacoma,US,47.2476,-122.4643
2021-07-23 23:48:27 PDT-0700,131.191.82.193,Sucessful,sherlock,root,Password,Tacoma,US,47.2476,-122.4643
2021-07-23 23:50:28 PDT-0700,131.191.82.193,Sucessful,sherlock,root,Password,Tacoma,US,47.2476,-122.4643
2021-07-23 23:50:41 PDT-0700,131.191.82.193,Sucessful,sherlock,root,Password,Tacoma,US,47.2476,-122.4643
2021-07-23 23:53:18 PDT-0700,131.191.82.193,Sucessful,sherlock,root,Password,Tacoma,US,47.2476,-122.4643
2021-07-29 23:51:08 PDT-0700,73.109.63.27,Sucessful,NewYork,root,Password,Seattle,US,47.3957,-122.3036
2021-07-29 23:51:15 PDT-0700,73.109.63.27,Sucessful,sherlock,root,Password,Seattle,US,47.3957,-122.3036
2021-07-29 23:51:11 PDT-0700,73.109.63.27,Sucessful,Sushi,root,Password,Seattle,US,47.3957,-122.3036
2021-07-29 23:52:23 PDT-0700,73.109.63.27,Sucessful,NewYork,root,Password,Seattle,US,47.3957,-122.3036
2021-07-29 23:52:30 PDT-0700,73.109.63.27,Sucessful,sherlock,root,Password,Seattle,US,47.3957,-122.3036
2021-07-29 23:52:26 PDT-0700,73.109.63.27,Sucessful,Sushi,root,Password,Seattle,US,47.3957,-122.3036
2021-07-29 23:58:37 PDT-0700,73.109.63.27,Sucessful,NewYork,root,Password,Seattle,US,47.3957,-122.3036
2021-07-29 23:58:44 PDT-0700,73.109.63.27,Sucessful,sherlock,root,Password,Seattle,US,47.3957,-122.3036
2021-07-29 23:58:40 PDT-0700,73.109.63.27,Sucessful,Sushi,root,Password,Seattle,US,47.3957,-122.3036
2021-07-30 00:05:43 PDT-0700,73.109.63.27,Sucessful,NewYork,root,Password,Seattle,US,47.3957,-122.3036
2021-07-30 00:05:50 PDT-0700,73.109.63.27,Sucessful,sherlock,root,Password,Seattle,US,47.3957,-122.3036
2021-07-30 00:05:46 PDT-0700,73.109.63.27,Sucessful,Sushi,root,Password,Seattle,US,47.3957,-122.3036
2021-07-30 00:07:58 PDT-0700,73.109.63.27,Sucessful,NewYork,root,Password,Seattle,US,47.3957,-122.3036
2021-07-30 00:08:05 PDT-0700,73.109.63.27,Sucessful,sherlock,root,Password,Seattle,US,47.3957,-122.3036
2021-07-30 00:08:01 PDT-0700,73.109.63.27,Sucessful,Sushi,root,Password,Seattle,US,47.3957,-122.3036
2021-07-30 00:59:43 PDT-0700,73.109.63.27,Sucessful,NewYork,root,Password,Seattle,US,47.3957,-122.3036
2021-07-30 00:59:50 PDT-0700,73.109.63.27,Sucessful,sherlock,root,Password,Seattle,US,47.3957,-122.3036
2021-07-30 00:59:46 PDT-0700,73.109.63.27,Sucessful,Sushi,root,Password,Seattle,US,47.3957,-122.3036
2021-07-30 01:01:11 PDT-0700,73.109.63.27,Sucessful,NewYork,root,Password,Seattle,US,47.3957,-122.3036
2021-07-30 01:01:17 PDT-0700,73.109.63.27,Sucessful,sherlock,root,Password,Seattle,US,47.3957,-122.3036
2021-07-30 01:01:13 PDT-0700,73.109.63.27,Sucessful,Sushi,root,Password,Seattle,US,47.3957,-122.3036
2021-07-30 01:03:40 PDT-0700,73.109.63.27,Sucessful,NewYork,root,Password,Seattle,US,47.3957,-122.3036
2021-07-30 01:03:47 PDT-0700,73.109.63.27,Sucessful,sherlock,root,Password,Seattle,US,47.3957,-122.3036
2021-07-30 01:03:43 PDT-0700,73.109.63.27,Sucessful,Sushi,root,Password,Seattle,US,47.3957,-122.3036
2021-07-30 01:10:06 PDT-0700,73.109.63.27,Sucessful,NewYork,root,Password,Seattle,US,47.3957,-122.3036
2021-07-30 01:10:13 PDT-0700,73.109.63.27,Sucessful,sherlock,root,Password,Seattle,US,47.3957,-122.3036
2021-07-30 01:10:09 PDT-0700,73.109.63.27,Sucessful,Sushi,root,Password,Seattle,US,47.3957,-122.3036
2021-07-30 01:28:21 PDT-0700,73.109.63.27,Sucessful,NewYork,root,Password,Seattle,US,47.3957,-122.3036
2021-07-30 01:28:28 PDT-0700,73.109.63.27,Sucessful,sherlock,root,Password,Seattle,US,47.3957,-122.3036
2021-07-30 01:28:24 PDT-0700,73.109.63.27,Sucessful,Sushi,root,Password,Seattle,US,47.3957,-122.3036
2021-07-30 01:29:58 PDT-0700,73.109.63.27,Sucessful,NewYork,root,Password,Seattle,US,47.3957,-122.3036
2021-07-30 01:30:05 PDT-0700,73.109.63.27,Sucessful,sherlock,root,Password,Seattle,US,47.3957,-122.3036
2021-07-30 01:30:01 PDT-0700,73.109.63.27,Sucessful,Sushi,root,Password,Seattle,US,47.3957,-122.3036
2021-07-30 01:30:45 PDT-0700,73.109.63.27,Sucessful,NewYork,root,Password,Seattle,US,47.3957,-122.3036
2021-07-30 01:30:52 PDT-0700,73.109.63.27,Sucessful,sherlock,root,Password,Seattle,US,47.3957,-122.3036
2021-07-30 01:30:48 PDT-0700,73.109.63.27,Sucessful,Sushi,root,Password,Seattle,US,47.3957,-122.3036
2021-07-30 01:32:45 PDT-0700,73.109.63.27,Sucessful,NewYork,root,Password,Seattle,US,47.3957,-122.3036
2021-07-30 01:32:54 PDT-0700,73.109.63.27,Sucessful,sherlock,root,Password,Seattle,US,47.3957,-122.3036
2021-07-30 01:32:50 PDT-0700,73.109.63.27,Sucessful,Sushi,root,Password,Seattle,US,47.3957,-122.3036
2021-07-30 01:33:15 PDT-0700,73.109.63.27,Sucessful,NewYork,root,Password,Seattle,US,47.3957,-122.3036
2021-07-30 01:33:22 PDT-0700,73.109.63.27,Sucessful,sherlock,root,Password,Seattle,US,47.3957,-122.3036
2021-07-30 01:33:18 PDT-0700,73.109.63.27,Sucessful,Sushi,root,Password,Seattle,US,47.3957,-122.3036
2021-07-30 01:33:53 PDT-0700,73.109.63.27,Sucessful,NewYork,root,Password,Seattle,US,47.3957,-122.3036
2021-07-30 01:34:01 PDT-0700,73.109.63.27,Sucessful,sherlock,root,Password,Seattle,US,47.3957,-122.3036
2021-07-30 01:33:56 PDT-0700,73.109.63.27,Sucessful,Sushi,root,Password,Seattle,US,47.3957,-122.3036
2021-07-30 01:35:48 PDT-0700,73.109.63.27,Sucessful,NewYork,root,Password,Seattle,US,47.3957,-122.3036
2021-07-30 01:35:55 PDT-0700,73.109.63.27,Sucessful,sherlock,root,Password,Seattle,US,47.3957,-122.3036
2021-07-30 01:35:51 PDT-0700,73.109.63.27,Sucessful,Sushi,root,Password,Seattle,US,47.3957,-122.3036
2021-07-30 01:37:15 PDT-0700,73.109.63.27,Sucessful,NewYork,root,Password,Seattle,US,47.3957,-122.3036
2021-07-30 01:37:22 PDT-0700,73.109.63.27,Sucessful,sherlock,root,Password,Seattle,US,47.3957,-122.3036
2021-07-30 01:37:18 PDT-0700,73.109.63.27,Sucessful,Sushi,root,Password,Seattle,US,47.3957,-122.3036
2021-07-30 01:38:23 PDT-0700,73.109.63.27,Sucessful,NewYork,root,Password,Seattle,US,47.3957,-122.3036
2021-07-30 01:38:30 PDT-0700,73.109.63.27,Sucessful,sherlock,root,Password,Seattle,US,47.3957,-122.3036
2021-07-30 01:38:26 PDT-0700,73.109.63.27,Sucessful,Sushi,root,Password,Seattle,US,47.3957,-122.3036
2021-07-30 01:41:19 PDT-0700,73.109.63.27,Sucessful,NewYork,root,Password,Seattle,US,47.3957,-122.3036
2021-07-30 01:41:26 PDT-0700,73.109.63.27,Sucessful,sherlock,root,Password,Seattle,US,47.3957,-122.3036
2021-07-30 01:41:22 PDT-0700,73.109.63.27,Sucessful,Sushi,root,Password,Seattle,US,47.3957,-122.3036
2021-07-30 01:42:56 PDT-0700,73.109.63.27,Sucessful,NewYork,root,Password,Seattle,US,47.3957,-122.3036
2021-07-30 01:43:10 PDT-0700,73.109.63.27,Sucessful,sherlock,root,Password,Seattle,US,47.3957,-122.3036
2021-07-30 01:43:06 PDT-0700,73.109.63.27,Sucessful,Sushi,root,Password,Seattle,US,47.3957,-122.3036
2021-07-30 01:44:54 PDT-0700,73.109.63.27,Sucessful,NewYork,root,Password,Seattle,US,47.3957,-122.3036
2021-07-30 01:45:01 PDT-0700,73.109.63.27,Sucessful,sherlock,root,Password,Seattle,US,47.3957,-122.3036
2021-07-30 01:44:58 PDT-0700,73.109.63.27,Sucessful,Sushi,root,Password,Seattle,US,47.3957,-122.3036
2021-07-30 01:45:33 PDT-0700,73.109.63.27,Sucessful,NewYork,root,Password,Seattle,US,47.3957,-122.3036
2021-07-30 01:45:40 PDT-0700,73.109.63.27,Sucessful,sherlock,root,Password,Seattle,US,47.3957,-122.3036
2021-07-30 01:45:36 PDT-0700,73.109.63.27,Sucessful,Sushi,root,Password,Seattle,US,47.3957,-122.3036
2021-07-30 01:47:33 PDT-0700,73.109.63.27,Sucessful,NewYork,root,Password,Seattle,US,47.3957,-122.3036
2021-07-30 01:47:40 PDT-0700,73.109.63.27,Sucessful,sherlock,root,Password,Seattle,US,47.3957,-122.3036
2021-07-30 01:47:36 PDT-0700,73.109.63.27,Sucessful,Sushi,root,Password,Seattle,US,47.3957,-122.3036
2021-07-30 01:50:03 PDT-0700,73.109.63.27,Sucessful,NewYork,root,Password,Seattle,US,47.3957,-122.3036
2021-07-30 01:50:10 PDT-0700,73.109.63.27,Sucessful,sherlock,root,Password,Seattle,US,47.3957,-122.3036
2021-07-30 01:50:06 PDT-0700,73.109.63.27,Sucessful,Sushi,root,Password,Seattle,US,47.3957,-122.3036
2021-07-30 01:51:03 PDT-0700,73.109.63.27,Sucessful,NewYork,root,Password,Seattle,US,47.3957,-122.3036
2021-07-30 01:51:10 PDT-0700,73.109.63.27,Sucessful,sherlock,root,Password,Seattle,US,47.3957,-122.3036
2021-07-30 01:51:06 PDT-0700,73.109.63.27,Sucessful,Sushi,root,Password,Seattle,US,47.3957,-122.3036
2021-07-30 01:51:49 PDT-0700,73.109.63.27,Sucessful,NewYork,root,Password,Seattle,US,47.3957,-122.3036
2021-07-30 01:51:56 PDT-0700,73.109.63.27,Sucessful,sherlock,root,Password,Seattle,US,47.3957,-122.3036
2021-07-30 01:51:52 PDT-0700,73.109.63.27,Sucessful,Sushi,root,Password,Seattle,US,47.3957,-122.3036
2021-07-30 01:52:35 PDT-0700,73.109.63.27,Sucessful,NewYork,root,Password,Seattle,US,47.3957,-122.3036
2021-07-30 01:52:42 PDT-0700,73.109.63.27,Sucessful,sherlock,root,Password,Seattle,US,47.3957,-122.3036
2021-07-30 01:52:38 PDT-0700,73.109.63.27,Sucessful,Sushi,root,Password,Seattle,US,47.3957,-122.3036
2021-07-30 01:53:55 PDT-0700,73.109.63.27,Sucessful,NewYork,root,Password,Seattle,US,47.3957,-122.3036
2021-07-30 01:54:04 PDT-0700,73.109.63.27,Sucessful,sherlock,root,Password,Seattle,US,47.3957,-122.3036
2021-07-30 01:53:58 PDT-0700,73.109.63.27,Sucessful,Sushi,root,Password,Seattle,US,47.3957,-122.3036
2021-07-30 01:54:44 PDT-0700,73.109.63.27,Sucessful,NewYork,root,Password,Seattle,US,47.3957,-122.3036
2021-07-30 01:54:51 PDT-0700,73.109.63.27,Sucessful,sherlock,root,Password,Seattle,US,47.3957,-122.3036
2021-07-30 01:54:48 PDT-0700,73.109.63.27,Sucessful,Sushi,root,Password,Seattle,US,47.3957,-122.3036
2021-07-30 01:55:23 PDT-0700,73.109.63.27,Sucessful,NewYork,root,Password,Seattle,US,47.3957,-122.3036
2021-07-30 01:55:30 PDT-0700,73.109.63.27,Sucessful,sherlock,root,Password,Seattle,US,47.3957,-122.3036
2021-07-30 01:55:26 PDT-0700,73.109.63.27,Sucessful,Sushi,root,Password,Seattle,US,47.3957,-122.3036
2021-07-30 01:56:19 PDT-0700,73.109.63.27,Sucessful,NewYork,root,Password,Seattle,US,47.3957,-122.3036
2021-07-30 01:56:26 PDT-0700,73.109.63.27,Sucessful,sherlock,root,Password,Seattle,US,47.3957,-122.3036
2021-07-30 01:56:22 PDT-0700,73.109.63.27,Sucessful,Sushi,root,Password,Seattle,US,47.3957,-122.3036
2021-07-30 01:58:19 PDT-0700,73.109.63.27,Sucessful,NewYork,root,Password,Seattle,US,47.3957,-122.3036
2021-07-30 01:58:26 PDT-0700,73.109.63.27,Sucessful,sherlock,root,Password,Seattle,US,47.3957,-122.3036
2021-07-30 01:58:22 PDT-0700,73.109.63.27,Sucessful,Sushi,root,Password,Seattle,US,47.3957,-122.3036
2021-07-30 01:59:58 PDT-0700,73.109.63.27,Sucessful,NewYork,root,Password,Seattle,US,47.3957,-122.3036
2021-07-30 02:00:05 PDT-0700,73.109.63.27,Sucessful,sherlock,root,Password,Seattle,US,47.3957,-122.3036
2021-07-30 02:00:01 PDT-0700,73.109.63.27,Sucessful,Sushi,root,Password,Seattle,US,47.3957,-122.3036
2021-07-30 02:00:32 PDT-0700,73.109.63.27,Sucessful,NewYork,root,Password,Seattle,US,47.3957,-122.3036
2021-07-30 02:00:39 PDT-0700,73.109.63.27,Sucessful,sherlock,root,Password,Seattle,US,47.3957,-122.3036
2021-07-30 02:00:35 PDT-0700,73.109.63.27,Sucessful,Sushi,root,Password,Seattle,US,47.3957,-122.3036
2021-07-30 02:02:32 PDT-0700,73.109.63.27,Sucessful,NewYork,root,Password,Seattle,US,47.3957,-122.3036
2021-07-30 02:02:39 PDT-0700,73.109.63.27,Sucessful,sherlock,root,Password,Seattle,US,47.3957,-122.3036
2021-07-30 02:02:35 PDT-0700,73.109.63.27,Sucessful,Sushi,root,Password,Seattle,US,47.3957,-122.3036
2021-07-30 02:03:07 PDT-0700,73.109.63.27,Sucessful,NewYork,root,Password,Seattle,US,47.3957,-122.3036
2021-07-30 02:03:15 PDT-0700,73.109.63.27,Sucessful,sherlock,root,Password,Seattle,US,47.3957,-122.3036
2021-07-30 02:03:11 PDT-0700,73.109.63.27,Sucessful,Sushi,root,Password,Seattle,US,47.3957,-122.3036
2021-07-30 02:03:58 PDT-0700,73.109.63.27,Sucessful,NewYork,root,Password,Seattle,US,47.3957,-122.3036
2021-07-30 02:04:08 PDT-0700,73.109.63.27,Sucessful,sherlock,root,Password,Seattle,US,47.3957,-122.3036
2021-07-30 02:04:04 PDT-0700,73.109.63.27,Sucessful,Sushi,root,Password,Seattle,US,47.3957,-122.3036
2021-07-30 02:05:58 PDT-0700,73.109.63.27,Sucessful,NewYork,root,Password,Seattle,US,47.3957,-122.3036
2021-07-30 02:06:05 PDT-0700,73.109.63.27,Sucessful,sherlock,root,Password,Seattle,US,47.3957,-122.3036
2021-07-30 02:06:01 PDT-0700,73.109.63.27,Sucessful,Sushi,root,Password,Seattle,US,47.3957,-122.3036
2021-07-30 02:06:29 PDT-0700,73.109.63.27,Sucessful,NewYork,root,Password,Seattle,US,47.3957,-122.3036
2021-07-30 02:06:36 PDT-0700,73.109.63.27,Sucessful,sherlock,root,Password,Seattle,US,47.3957,-122.3036
2021-07-30 02:06:32 PDT-0700,73.109.63.27,Sucessful,Sushi,root,Password,Seattle,US,47.3957,-122.3036
2021-07-30 02:08:28 PDT-0700,73.109.63.27,Sucessful,NewYork,root,Password,Seattle,US,47.3957,-122.3036
2021-07-30 02:08:35 PDT-0700,73.109.63.27,Sucessful,sherlock,root,Password,Seattle,US,47.3957,-122.3036
2021-07-30 02:08:31 PDT-0700,73.109.63.27,Sucessful,Sushi,root,Password,Seattle,US,47.3957,-122.3036
2021-07-30 02:10:03 PDT-0700,73.109.63.27,Sucessful,NewYork,root,Password,Seattle,US,47.3957,-122.3036
2021-07-30 02:10:10 PDT-0700,73.109.63.27,Sucessful,sherlock,root,Password,Seattle,US,47.3957,-122.3036
2021-07-30 02:10:06 PDT-0700,73.109.63.27,Sucessful,Sushi,root,Password,Seattle,US,47.3957,-122.3036
2021-07-30 02:14:05 PDT-0700,73.109.63.27,Sucessful,NewYork,root,Password,Seattle,US,47.3957,-122.3036
2021-07-30 02:14:13 PDT-0700,73.109.63.27,Sucessful,sherlock,root,Password,Seattle,US,47.3957,-122.3036
2021-07-30 02:14:09 PDT-0700,73.109.63.27,Sucessful,Sushi,root,Password,Seattle,US,47.3957,-122.3036
2021-07-30 02:16:03 PDT-0700,73.109.63.27,Sucessful,NewYork,root,Password,Seattle,US,47.3957,-122.3036
2021-07-30 02:16:10 PDT-0700,73.109.63.27,Sucessful,sherlock,root,Password,Seattle,US,47.3957,-122.3036
2021-07-30 02:16:06 PDT-0700,73.109.63.27,Sucessful,Sushi,root,Password,Seattle,US,47.3957,-122.3036
2021-07-30 02:18:03 PDT-0700,73.109.63.27,Sucessful,NewYork,root,Password,Seattle,US,47.3957,-122.3036
2021-07-30 02:18:10 PDT-0700,73.109.63.27,Sucessful,sherlock,root,Password,Seattle,US,47.3957,-122.3036
2021-07-30 02:18:06 PDT-0700,73.109.63.27,Sucessful,Sushi,root,Password,Seattle,US,47.3957,-122.3036
2021-07-30 04:17:04 PDT-0700,73.109.63.27,Sucessful,NewYork,root,Password,Seattle,US,47.3957,-122.3036
2021-07-30 04:17:11 PDT-0700,73.109.63.27,Sucessful,sherlock,root,Password,Seattle,US,47.3957,-122.3036
2021-07-30 04:17:07 PDT-0700,73.109.63.27,Sucessful,Sushi,root,Password,Seattle,US,47.3957,-122.3036
2021-07-30 04:17:41 PDT-0700,73.109.63.27,Sucessful,NewYork,root,Password,Seattle,US,47.3957,-122.3036
2021-07-30 04:17:48 PDT-0700,73.109.63.27,Sucessful,sherlock,root,Password,Seattle,US,47.3957,-122.3036
2021-07-30 04:17:44 PDT-0700,73.109.63.27,Sucessful,Sushi,root,Password,Seattle,US,47.3957,-122.3036
2021-07-30 04:19:36 PDT-0700,73.109.63.27,Sucessful,NewYork,root,Password,Seattle,US,47.3957,-122.3036
2021-07-30 04:19:42 PDT-0700,73.109.63.27,Sucessful,sherlock,root,Password,Seattle,US,47.3957,-122.3036
2021-07-30 04:19:39 PDT-0700,73.109.63.27,Sucessful,Sushi,root,Password,Seattle,US,47.3957,-122.3036
2021-07-30 04:20:19 PDT-0700,73.109.63.27,Sucessful,NewYork,root,Password,Seattle,US,47.3957,-122.3036
2021-07-30 04:20:25 PDT-0700,73.109.63.27,Sucessful,sherlock,root,Password,Seattle,US,47.3957,-122.3036
2021-07-30 04:20:21 PDT-0700,73.109.63.27,Sucessful,Sushi,root,Password,Seattle,US,47.3957,-122.3036
2021-07-30 04:22:29 PDT-0700,73.109.63.27,Sucessful,NewYork,root,Password,Seattle,US,47.3957,-122.3036
2021-07-30 04:22:36 PDT-0700,73.109.63.27,Sucessful,sherlock,root,Password,Seattle,US,47.3957,-122.3036
2021-07-30 04:22:32 PDT-0700,73.109.63.27,Sucessful,Sushi,root,Password,Seattle,US,47.3957,-122.3036
2021-07-30 04:29:07 PDT-0700,73.109.63.27,Sucessful,NewYork,root,Password,Seattle,US,47.3957,-122.3036
2021-07-30 04:29:14 PDT-0700,73.109.63.27,Sucessful,sherlock,root,Password,Seattle,US,47.3957,-122.3036
2021-07-30 04:29:10 PDT-0700,73.109.63.27,Sucessful,Sushi,root,Password,Seattle,US,47.3957,-122.3036
2021-07-30 04:37:36 PDT-0700,73.109.63.27,Sucessful,NewYork,root,Password,Seattle,US,47.3957,-122.3036
2021-07-30 04:37:43 PDT-0700,73.109.63.27,Sucessful,sherlock,root,Password,Seattle,US,47.3957,-122.3036
2021-07-30 04:37:39 PDT-0700,73.109.63.27,Sucessful,Sushi,root,Password,Seattle,US,47.3957,-122.3036
2021-07-30 04:39:23 PDT-0700,73.109.63.27,Sucessful,NewYork,root,Password,Seattle,US,47.3957,-122.3036
2021-07-30 04:39:30 PDT-0700,73.109.63.27,Sucessful,sherlock,root,Password,Seattle,US,47.3957,-122.3036
2021-07-30 04:39:26 PDT-0700,73.109.63.27,Sucessful,Sushi,root,Password,Seattle,US,47.3957,-122.3036
2021-07-30 04:42:10 PDT-0700,73.109.63.27,Sucessful,NewYork,root,Password,Seattle,US,47.3957,-122.3036
2021-07-30 04:42:18 PDT-0700,73.109.63.27,Sucessful,sherlock,root,Password,Seattle,US,47.3957,-122.3036
2021-07-30 04:42:14 PDT-0700,73.109.63.27,Sucessful,Sushi,root,Password,Seattle,US,47.3957,-122.3036
2021-07-30 04:42:54 PDT-0700,73.109.63.27,Sucessful,NewYork,root,Password,Seattle,US,47.3957,-122.3036
2021-07-30 04:43:01 PDT-0700,73.109.63.27,Sucessful,sherlock,root,Password,Seattle,US,47.3957,-122.3036
2021-07-30 04:42:57 PDT-0700,73.109.63.27,Sucessful,Sushi,root,Password,Seattle,US,47.3957,-122.3036
2021-07-30 04:48:36 PDT-0700,73.109.63.27,Sucessful,NewYork,root,Password,Seattle,US,47.3957,-122.3036
2021-07-30 04:48:43 PDT-0700,73.109.63.27,Sucessful,sherlock,root,Password,Seattle,US,47.3957,-122.3036
2021-07-30 04:48:39 PDT-0700,73.109.63.27,Sucessful,Sushi,root,Password,Seattle,US,47.3957,-122.3036
2021-07-30 04:50:36 PDT-0700,73.109.63.27,Sucessful,NewYork,root,Password,Seattle,US,47.3957,-122.3036
2021-07-30 04:50:43 PDT-0700,73.109.63.27,Sucessful,sherlock,root,Password,Seattle,US,47.3957,-122.3036
2021-07-30 04:50:39 PDT-0700,73.109.63.27,Sucessful,Sushi,root,Password,Seattle,US,47.3957,-122.3036
2021-07-30 04:57:29 PDT-0700,73.109.63.27,Sucessful,NewYork,root,Password,Seattle,US,47.3957,-122.3036
2021-07-30 04:57:36 PDT-0700,73.109.63.27,Sucessful,sherlock,root,Password,Seattle,US,47.3957,-122.3036
2021-07-30 04:57:32 PDT-0700,73.109.63.27,Sucessful,Sushi,root,Password,Seattle,US,47.3957,-122.3036
2021-07-30 04:58:54 PDT-0700,73.109.63.27,Sucessful,NewYork,root,Password,Seattle,US,47.3957,-122.3036
2021-07-30 04:59:01 PDT-0700,73.109.63.27,Sucessful,sherlock,root,Password,Seattle,US,47.3957,-122.3036
2021-07-30 04:58:57 PDT-0700,73.109.63.27,Sucessful,Sushi,root,Password,Seattle,US,47.3957,-122.3036
2021-07-30 05:00:49 PDT-0700,73.109.63.27,Sucessful,NewYork,root,Password,Seattle,US,47.3957,-122.3036
2021-07-30 05:00:56 PDT-0700,73.109.63.27,Sucessful,sherlock,root,Password,Seattle,US,47.3957,-122.3036
2021-07-30 05:00:52 PDT-0700,73.109.63.27,Sucessful,Sushi,root,Password,Seattle,US,47.3957,-122.3036
2021-07-30 05:01:19 PDT-0700,73.109.63.27,Sucessful,NewYork,root,Password,Seattle,US,47.3957,-122.3036
2021-07-30 05:01:25 PDT-0700,73.109.63.27,Sucessful,sherlock,root,Password,Seattle,US,47.3957,-122.3036
2021-07-30 05:01:22 PDT-0700,73.109.63.27,Sucessful,Sushi,root,Password,Seattle,US,47.3957,-122.3036
2021-07-30 05:03:24 PDT-0700,73.109.63.27,Sucessful,NewYork,root,Password,Seattle,US,47.3957,-122.3036
2021-07-30 05:03:31 PDT-0700,73.109.63.27,Sucessful,sherlock,root,Password,Seattle,US,47.3957,-122.3036
2021-07-30 05:03:27 PDT-0700,73.109.63.27,Sucessful,Sushi,root,Password,Seattle,US,47.3957,-122.3036
2021-07-30 05:04:39 PDT-0700,73.109.63.27,Sucessful,NewYork,root,Password,Seattle,US,47.3957,-122.3036
2021-07-30 05:04:46 PDT-0700,73.109.63.27,Sucessful,sherlock,root,Password,Seattle,US,47.3957,-122.3036
2021-07-30 05:04:42 PDT-0700,73.109.63.27,Sucessful,Sushi,root,Password,Seattle,US,47.3957,-122.3036
2021-07-30 05:05:55 PDT-0700,73.109.63.27,Sucessful,NewYork,root,Password,Seattle,US,47.3957,-122.3036
2021-07-30 05:06:02 PDT-0700,73.109.63.27,Sucessful,sherlock,root,Password,Seattle,US,47.3957,-122.3036
2021-07-30 05:05:58 PDT-0700,73.109.63.27,Sucessful,Sushi,root,Password,Seattle,US,47.3957,-122.3036
2021-07-30 05:09:26 PDT-0700,73.109.63.27,Sucessful,NewYork,root,Password,Seattle,US,47.3957,-122.3036
2021-07-30 05:09:34 PDT-0700,73.109.63.27,Sucessful,sherlock,root,Password,Seattle,US,47.3957,-122.3036
2021-07-30 05:09:31 PDT-0700,73.109.63.27,Sucessful,Sushi,root,Password,Seattle,US,47.3957,-122.3036
2021-07-30 05:09:59 PDT-0700,73.109.63.27,Sucessful,NewYork,root,Password,Seattle,US,47.3957,-122.3036
2021-07-30 05:10:06 PDT-0700,73.109.63.27,Sucessful,sherlock,root,Password,Seattle,US,47.3957,-122.3036
2021-07-30 05:10:02 PDT-0700,73.109.63.27,Sucessful,Sushi,root,Password,Seattle,US,47.3957,-122.3036
2021-07-30 05:13:05 PDT-0700,73.109.63.27,Sucessful,NewYork,root,Password,Seattle,US,47.3957,-122.3036
2021-07-30 05:13:12 PDT-0700,73.109.63.27,Sucessful,sherlock,root,Password,Seattle,US,47.3957,-122.3036
2021-07-30 05:13:08 PDT-0700,73.109.63.27,Sucessful,Sushi,root,Password,Seattle,US,47.3957,-122.3036
2021-07-30 05:14:46 PDT-0700,73.109.63.27,Sucessful,NewYork,root,Password,Seattle,US,47.3957,-122.3036
2021-07-30 05:14:53 PDT-0700,73.109.63.27,Sucessful,sherlock,root,Password,Seattle,US,47.3957,-122.3036
2021-07-30 05:14:49 PDT-0700,73.109.63.27,Sucessful,Sushi,root,Password,Seattle,US,47.3957,-122.3036
